,Pclass,Age,female,male,Mrs.,Miss.,Master.,Mr.,alone,not_alone,Fare,Survived
0,3,0.2711736617240513,0,1,0,0,0,1,0,1,0.014151057562208049,0
1,1,0.4722292033174164,1,0,1,0,0,0,0,1,0.13913573538264068,1
2,3,0.32143754712239253,1,0,0,1,0,0,1,0,0.015468569817999833,1
3,1,0.43453128926866047,1,0,1,0,0,0,0,1,0.10364429745562033,1
4,3,0.43453128926866047,0,1,0,0,0,1,1,0,0.015712553569072387,0
5,3,0.4093993465694898,0,1,0,0,0,1,1,0,0.01650950209357577,0
6,1,0.6732847449107816,0,1,0,0,0,1,1,0,0.10122885832000206,0
7,3,0.01985423473234481,0,1,0,0,1,0,0,1,0.04113566043083236,0
8,3,0.33400351847197784,1,0,1,0,0,0,0,1,0.021730754366528396,1
9,2,0.17064589092736868,1,0,1,0,0,0,0,1,0.058694292654020104,1
10,3,0.04498617743151546,1,0,0,1,0,0,0,1,0.03259622914329302,1
11,1,0.7235486303091229,1,0,0,1,0,0,1,0,0.051822148727810165,1
12,3,0.24604171902488062,0,1,0,0,0,1,1,0,0.015712553569072387,0
13,3,0.4847951746670017,0,1,0,0,0,1,0,1,0.06104473451835265,0
14,3,0.17064589092736868,1,0,0,1,0,0,1,0,0.015330377421392339,0
15,2,0.6858507162603669,1,0,1,0,0,0,1,0,0.03122992013728673,1
16,3,0.01985423473234481,0,1,0,0,1,0,0,1,0.056848213999904744,0
17,2,0.4093993465694898,0,1,0,0,0,1,1,0,0.025374310111545468,1
18,3,0.38426740387031916,1,0,1,0,0,0,0,1,0.03513366015444757,0
19,3,0.4093993465694898,1,0,1,0,0,0,1,0,0.014102260811993537,1
20,2,0.43453128926866047,0,1,0,0,0,1,1,0,0.050748620223090936,0
21,2,0.42196531791907516,0,1,0,0,0,1,1,0,0.025374310111545468,1
22,3,0.18321186227695402,1,0,0,1,0,0,1,0,0.015671954672893913,1
23,1,0.3465694898215632,0,1,0,0,0,1,1,0,0.06929138530460492,1
24,3,0.09525006282985675,1,0,0,1,0,0,0,1,0.04113566043083236,0
25,3,0.4722292033174164,1,0,1,0,0,0,0,1,0.061264319894317944,1
26,3,0.4093993465694898,0,1,0,0,0,1,1,0,0.014102260811993537,0
27,1,0.23347574767529528,0,1,0,0,0,1,0,1,0.5133418122566505,0
28,3,0.22090977632570996,1,0,0,1,0,0,1,0,0.01537917417160685,1
29,3,0.4093993465694898,0,1,0,0,0,1,1,0,0.015411575213749284,0
30,1,0.4973611460165871,0,1,0,0,0,1,1,0,0.05410739813385612,0
31,1,0.4093993465694898,1,0,1,0,0,0,0,1,0.2859895551532101,1
32,3,0.22090977632570996,1,0,0,1,0,0,1,0,0.015126992566498259,1
33,2,0.8240764011058055,0,1,0,0,0,1,1,0,0.020494635090094415,0
34,1,0.3465694898215632,0,1,0,0,0,1,0,1,0.16038672010106,0
35,1,0.5224930887157577,0,1,0,0,0,1,0,1,0.10149724044618187,0
36,3,0.4093993465694898,0,1,0,0,0,1,1,0,0.014110458666029575,1
37,3,0.2586076903744659,0,1,0,0,0,1,1,0,0.015712553569072387,0
38,3,0.22090977632570996,1,0,0,1,0,0,0,1,0.03513366015444757,0
39,3,0.17064589092736868,1,0,0,1,0,0,0,1,0.021942337075458514,1
40,3,0.4973611460165871,1,0,1,0,0,0,0,1,0.018493968331299484,0
41,2,0.33400351847197784,1,0,1,0,0,0,0,1,0.04098927018018883,0
42,3,0.4093993465694898,0,1,0,0,0,1,1,0,0.015411575213749284,0
43,2,0.032420206081930136,1,0,0,1,0,0,0,1,0.08115719346076702,1
44,3,0.23347574767529528,1,0,0,1,0,0,1,0,0.01537917417160685,1
45,3,0.4093993465694898,0,1,0,0,0,1,1,0,0.015712553569072387,0
46,3,0.4093993465694898,0,1,0,0,0,1,0,1,0.030253985132996517,0
47,3,0.22090977632570996,1,0,0,1,0,0,1,0,0.015126992566498259,1
48,3,0.4093993465694898,0,1,0,0,0,1,0,1,0.04231498029001666,0
49,3,0.22090977632570996,1,0,1,0,0,0,0,1,0.034743286152731485,0
50,3,0.08268409148027142,0,1,0,0,1,0,0,1,0.07746484096553544,0
51,3,0.2586076903744659,0,1,0,0,0,1,1,0,0.01522458606692728,0
52,1,0.610454888162855,1,0,1,0,0,0,0,1,0.1497654242623688,1
53,2,0.35913546117114853,1,0,1,0,0,0,0,1,0.050748620223090936,1
54,1,0.8115104297562201,0,1,0,0,0,1,0,1,0.1209753416358076,0
55,1,0.4093993465694898,0,1,0,0,0,1,1,0,0.06929138530460492,1
56,2,0.2586076903744659,1,0,0,1,0,0,1,0,0.020494635090094415,1
57,3,0.35285247549635584,0,1,0,0,0,1,1,0,0.014110458666029575,0
58,2,0.05755214878110078,1,0,0,1,0,0,0,1,0.05416439273810667,1
59,3,0.13294797687861273,0,1,0,0,1,0,0,1,0.09154270340242172,0
60,3,0.2711736617240513,0,1,0,0,0,1,1,0,0.014110458666029575,0
61,1,0.4722292033174164,1,0,0,1,0,0,1,0,0.15614960068643363,1
62,1,0.5601910027645137,0,1,0,0,0,1,0,1,0.16293234896625058,0
63,3,0.04498617743151546,0,1,0,0,1,0,0,1,0.05445717323939373,0
64,1,0.4093993465694898,0,1,0,0,0,1,1,0,0.05410739813385612,0
65,3,0.22090977632570996,0,1,0,0,1,0,0,1,0.029757819776815374,1
66,2,0.35913546117114853,1,0,1,0,0,0,1,0,0.020494635090094415,1
67,3,0.23347574767529528,0,1,0,0,0,1,1,0,0.015923941091001644,0
68,3,0.20834380497612465,1,0,0,1,0,0,0,1,0.015468569817999833,1
69,3,0.32143754712239253,0,1,0,0,0,1,0,1,0.016908073949327893,0
70,2,0.39683337521990447,0,1,0,0,0,1,1,0,0.020494635090094415,0
71,3,0.19577783362653933,1,0,0,1,0,0,0,1,0.09154270340242172,0
72,2,0.2586076903744659,0,1,0,0,0,1,1,0,0.1434624456306609,0
73,3,0.32143754712239253,0,1,0,0,0,1,0,1,0.028212719478023115,0
74,3,0.39683337521990447,0,1,0,0,0,1,1,0,0.11027245763075773,1
75,3,0.3088715757728072,0,1,0,0,0,1,1,0,0.014931805565640218,0
76,3,0.4093993465694898,0,1,0,0,0,1,1,0,0.015411575213749284,0
77,3,0.4093993465694898,0,1,0,0,0,1,1,0,0.015712553569072387,0
78,2,0.005152048253329982,0,1,0,0,1,0,0,1,0.056604230248832196,1
79,3,0.37170143252073384,1,0,0,1,0,0,1,0,0.024349578357040744,1
80,3,0.2711736617240513,0,1,0,0,0,1,1,0,0.017566830077223785,0
81,3,0.35913546117114853,0,1,0,0,0,1,1,0,0.018542765081513996,1
82,3,0.22090977632570996,1,0,0,1,0,0,1,0,0.015200187691820024,1
83,1,0.3465694898215632,0,1,0,0,0,1,1,0,0.09193307740413781,0
84,2,0.20834380497612465,1,0,0,1,0,0,1,0,0.020494635090094415,1
85,3,0.4093993465694898,1,0,1,0,0,0,0,1,0.030937139635999665,1
86,3,0.19577783362653933,0,1,0,0,0,1,0,1,0.06709553154495196,0
87,3,0.4093993465694898,0,1,0,0,0,1,1,0,0.015712553569072387,0
88,1,0.2837396330736366,1,0,0,1,0,0,0,1,0.5133418122566505,1
89,3,0.2963056044232219,0,1,0,0,0,1,1,0,0.015712553569072387,0
90,3,0.35913546117114853,0,1,0,0,0,1,1,0,0.015712553569072387,0
91,3,0.24604171902488062,0,1,0,0,0,1,1,0,0.015330377421392339,0
92,1,0.572756974114099,0,1,0,0,0,1,0,1,0.11940564777490723,0
93,3,0.32143754712239253,0,1,0,0,0,1,0,1,0.04015972542654215,0
94,3,0.7361146016587082,0,1,0,0,0,1,1,0,0.014151057562208049,0
95,3,0.4093993465694898,0,1,0,0,0,1,1,0,0.015712553569072387,0
96,1,0.8869062578537321,0,1,0,0,0,1,1,0,0.06764049365134761,0
97,1,0.2837396330736366,0,1,0,0,0,1,0,1,0.12366716556464086,1
98,2,0.42196531791907516,1,0,1,0,0,0,0,1,0.04489301019734967,1
99,2,0.42196531791907516,0,1,0,0,0,1,0,1,0.050748620223090936,0
100,3,0.3465694898215632,1,0,0,1,0,0,1,0,0.015411575213749284,0
101,3,0.4093993465694898,0,1,0,0,0,1,1,0,0.015411575213749284,0
102,1,0.2586076903744659,0,1,0,0,0,1,0,1,0.15085515328815924,0
103,3,0.4093993465694898,0,1,0,0,0,1,1,0,0.016891873428256675,0
104,3,0.4596632319678311,0,1,0,0,0,1,0,1,0.015468569817999833,0
105,3,0.3465694898215632,0,1,0,0,0,1,1,0,0.015411575213749284,0
106,3,0.2586076903744659,1,0,0,1,0,0,1,0,0.014931805565640218,1
107,3,0.4093993465694898,0,1,0,0,0,1,1,0,0.015175789316712771,1
108,3,0.4722292033174164,0,1,0,0,0,1,1,0,0.015411575213749284,0
109,3,0.22090977632570996,1,0,0,1,0,0,0,1,0.04713766070721715,1
110,1,0.5853229454636844,0,1,0,0,0,1,1,0,0.10149724044618187,0
111,3,0.17692887660216136,1,0,0,1,0,0,0,1,0.028212719478023115,0
112,3,0.2711736617240513,0,1,0,0,0,1,1,0,0.015712553569072387,0
113,3,0.24604171902488062,1,0,0,1,0,0,0,1,0.019177122834302632,0
114,3,0.20834380497612465,1,0,0,1,0,0,1,0,0.028220722145058292,0
115,3,0.2586076903744659,0,1,0,0,0,1,1,0,0.015468569817999833,0
116,3,0.8806232721789394,0,1,0,0,0,1,1,0,0.015126992566498259,0
117,2,0.35913546117114853,0,1,0,0,0,1,0,1,0.04098927018018883,0
118,1,0.2963056044232219,0,1,0,0,0,1,0,1,0.4831284260198326,0
119,3,0.01985423473234481,1,0,0,1,0,0,0,1,0.06104473451835265,0
120,2,0.2586076903744659,0,1,0,0,0,1,0,1,0.1434624456306609,0
121,3,0.4093993465694898,0,1,0,0,0,1,1,0,0.015712553569072387,0
122,2,0.40311636089469716,0,1,0,0,0,1,0,1,0.058694292654020104,0
123,2,0.40311636089469716,1,0,0,1,0,0,1,0,0.025374310111545468,1
124,1,0.6732847449107816,0,1,0,0,0,1,0,1,0.15085515328815924,0
125,3,0.14551394822819805,0,1,0,0,1,0,0,1,0.021942337075458514,1
126,3,0.4093993465694898,0,1,0,0,0,1,1,0,0.015126992566498259,0
127,3,0.2963056044232219,0,1,0,0,0,1,1,0,0.01393967004027879,1
128,3,0.22090977632570996,1,0,0,1,0,0,0,1,0.04364049521284361,1
129,3,0.5601910027645137,0,1,0,0,0,1,1,0,0.013614293309848433,0
130,3,0.4093993465694898,0,1,0,0,0,1,1,0,0.015411575213749284,0
131,3,0.24604171902488062,0,1,0,0,0,1,1,0,0.013760683560491965,0
132,3,0.5853229454636844,1,0,1,0,0,0,0,1,0.028302115124416098,0
133,2,0.35913546117114853,1,0,1,0,0,0,0,1,0.050748620223090936,1
134,2,0.3088715757728072,0,1,0,0,0,1,1,0,0.025374310111545468,0
135,2,0.2837396330736366,0,1,0,0,0,1,1,0,0.02936744577509929,0
136,1,0.23347574767529528,1,0,0,1,0,0,0,1,0.051301584996521765,1
137,1,0.4596632319678311,0,1,0,0,0,1,0,1,0.10364429745562033,0
138,3,0.19577783362653933,0,1,0,0,0,1,1,0,0.01798980030808316,0
139,1,0.2963056044232219,0,1,0,0,0,1,1,0,0.15458810467956932,0
140,3,0.4093993465694898,1,0,1,0,0,0,0,1,0.029757819776815374,0
141,3,0.2711736617240513,1,0,0,1,0,0,1,0,0.015126992566498259,1
142,3,0.2963056044232219,1,0,1,0,0,0,0,1,0.030937139635999665,1
143,3,0.23347574767529528,0,1,0,0,0,1,1,0,0.013175122557917838,0
144,2,0.22090977632570996,0,1,0,0,0,1,1,0,0.022446505098674834,0
145,2,0.23347574767529528,0,1,0,0,0,1,0,1,0.07173122281533045,0
146,3,0.33400351847197784,0,1,0,0,0,1,1,0,0.015216388212891242,1
147,3,0.10781603417944208,1,0,0,1,0,0,0,1,0.06709553154495196,0
148,2,0.4533802462930384,0,1,0,0,0,1,0,1,0.050748620223090936,0
149,2,0.5224930887157577,0,1,0,0,0,1,1,0,0.025374310111545468,0
150,2,0.6355868308620256,0,1,0,0,0,1,1,0,0.02444717185746977,0
151,1,0.2711736617240513,1,0,1,0,0,0,0,1,0.12999454257145598,1
152,3,0.6921337019351596,0,1,0,0,0,1,1,0,0.015712553569072387,0
153,3,0.5036441316913798,0,1,0,0,0,1,0,1,0.028302115124416098,0
154,3,0.4093993465694898,0,1,0,0,0,1,1,0,0.014273049437744325,0
155,1,0.6355868308620256,0,1,0,0,0,1,0,1,0.11980421963065935,0
156,3,0.19577783362653933,1,0,0,1,0,0,1,0,0.015094396337354966,1
157,3,0.37170143252073384,0,1,0,0,0,1,1,0,0.015712553569072387,0
158,3,0.4093993465694898,0,1,0,0,0,1,1,0,0.016908073949327893,0
159,3,0.22090977632570996,0,1,0,0,1,0,0,1,0.13575255909676823,0
160,3,0.5476250314149284,0,1,0,0,0,1,0,1,0.031425107138144774,0
161,2,0.4973611460165871,1,0,1,0,0,0,1,0,0.030741952635141623,1
162,3,0.32143754712239253,0,1,0,0,0,1,1,0,0.015175789316712771,0
163,3,0.20834380497612465,0,1,0,0,0,1,1,0,0.016908073949327893,0
164,3,0.007288263382759489,0,1,0,0,1,0,0,1,0.07746484096553544,0
165,3,0.10781603417944208,0,1,0,0,1,0,0,1,0.04006213192611313,1
166,1,0.4093993465694898,1,0,1,0,0,0,0,1,0.10735285047192313,1
167,3,0.5601910027645137,1,0,1,0,0,0,0,1,0.05445717323939373,0
168,1,0.4093993465694898,0,1,0,0,0,1,1,0,0.050602229972447406,0
169,3,0.3465694898215632,0,1,0,0,0,1,1,0,0.11027245763075773,0
170,1,0.7612465443578789,0,1,0,0,0,1,1,0,0.06538764528744409,0
171,3,0.04498617743151546,0,1,0,0,1,0,0,1,0.056848213999904744,0
172,3,0.007288263382759489,1,0,0,1,0,0,0,1,0.021730754366528396,1
173,3,0.2586076903744659,0,1,0,0,0,1,1,0,0.015468569817999833,0
174,1,0.6984166876099522,0,1,0,0,0,1,1,0,0.05991421140938287,0
175,3,0.22090977632570996,0,1,0,0,0,1,0,1,0.015330377421392339,0
176,3,0.22090977632570996,0,1,0,0,1,0,0,1,0.04970768794751499,0
177,1,0.6230208595124404,1,0,0,1,0,0,1,0,0.05604306762136532,0
178,2,0.37170143252073384,0,1,0,0,0,1,1,0,0.025374310111545468,0
179,3,0.4470972606182458,0,1,0,0,0,1,1,0,0.0,0
180,3,0.22090977632570996,1,0,0,1,0,0,0,1,0.13575255909676823,0
181,2,0.4093993465694898,0,1,0,0,0,1,1,0,0.02937564362913533,0
182,3,0.10781603417944208,0,1,0,0,1,0,0,1,0.061264319894317944,0
183,2,0.007288263382759489,0,1,0,0,1,0,0,1,0.0761229303346364,1
184,3,0.04498617743151546,1,0,0,1,0,0,0,1,0.04298993693898376,1
185,1,0.4093993465694898,0,1,0,0,0,1,1,0,0.09759350042902103,0
186,3,0.4093993465694898,1,0,1,0,0,0,0,1,0.030253985132996517,1
187,1,0.5601910027645137,0,1,0,0,0,1,1,0,0.051822148727810165,1
188,3,0.4973611460165871,0,1,0,0,0,1,0,1,0.030253985132996517,0
189,3,0.4470972606182458,0,1,0,0,0,1,1,0,0.015411575213749284,0
190,2,0.39683337521990447,1,0,1,0,0,0,1,0,0.025374310111545468,1
191,2,0.23347574767529528,0,1,0,0,0,1,1,0,0.025374310111545468,0
192,3,0.23347574767529528,1,0,0,1,0,0,0,1,0.015330377421392339,1
193,2,0.032420206081930136,0,1,0,0,1,0,0,1,0.050748620223090936,1
194,1,0.5476250314149284,1,0,1,0,0,0,1,0,0.05410739813385612,1
195,1,0.7235486303091229,1,0,0,1,0,0,1,0,0.2859895551532101,1
196,3,0.4093993465694898,0,1,0,0,0,1,1,0,0.015126992566498259,0
197,3,0.5224930887157577,0,1,0,0,0,1,0,1,0.01640390592611157,0
198,3,0.22090977632570996,1,0,0,1,0,0,1,0,0.015126992566498259,1
199,2,0.2963056044232219,1,0,0,1,0,0,1,0,0.025374310111545468,0
200,3,0.3465694898215632,0,1,0,0,0,1,1,0,0.018542765081513996,0
201,3,0.4093993465694898,0,1,0,0,0,1,0,1,0.13575255909676823,0
202,3,0.42196531791907516,0,1,0,0,0,1,1,0,0.012678957201736696,0
203,3,0.5664739884393063,0,1,0,0,0,1,1,0,0.014102260811993537,0
204,3,0.22090977632570996,0,1,0,0,0,1,1,0,0.015712553569072387,1
205,3,0.01985423473234481,1,0,0,1,0,0,0,1,0.02042143996477265,0
206,3,0.39683337521990447,0,1,0,0,0,1,0,1,0.030937139635999665,0
207,3,0.32143754712239253,0,1,0,0,0,1,1,0,0.036670757786204655,1
208,3,0.19577783362653933,1,0,0,1,0,0,1,0,0.015126992566498259,1
209,1,0.4973611460165871,0,1,0,0,0,1,1,0,0.060507970265993034,1
210,3,0.2963056044232219,0,1,0,0,0,1,1,0,0.013760683560491965,0
211,2,0.43453128926866047,1,0,0,1,0,0,1,0,0.04098927018018883,1
212,3,0.2711736617240513,0,1,0,0,0,1,1,0,0.014151057562208049,0
213,2,0.37170143252073384,0,1,0,0,0,1,1,0,0.025374310111545468,0
214,3,0.4093993465694898,0,1,0,0,0,1,0,1,0.015126992566498259,0
215,1,0.38426740387031916,1,0,0,1,0,0,0,1,0.22109807522194713,1
216,3,0.33400351847197784,1,0,0,1,0,0,1,0,0.015468569817999833,1
217,2,0.5224930887157577,0,1,0,0,0,1,0,1,0.05270049023167135,0
218,1,0.39683337521990447,1,0,0,1,0,0,1,0,0.14891148113361488,1
219,2,0.37170143252073384,0,1,0,0,0,1,1,0,0.020494635090094415,0
220,3,0.19577783362653933,0,1,0,0,0,1,1,0,0.015712553569072387,1
221,2,0.33400351847197784,0,1,0,0,0,1,1,0,0.025374310111545468,0
222,3,0.6355868308620256,0,1,0,0,0,1,1,0,0.015712553569072387,0
223,3,0.4093993465694898,0,1,0,0,0,1,1,0,0.015411575213749284,0
224,1,0.4722292033174164,0,1,0,0,0,1,0,1,0.17566830077223786,1
225,3,0.2711736617240513,0,1,0,0,0,1,1,0,0.01824998458022693,0
226,2,0.23347574767529528,0,1,0,0,0,1,1,0,0.020494635090094415,1
227,3,0.2523247046996733,0,1,0,0,0,1,1,0,0.014151057562208049,0
228,2,0.22090977632570996,0,1,0,0,0,1,1,0,0.025374310111545468,0
229,3,0.22090977632570996,1,0,0,1,0,0,0,1,0.04970768794751499,0
230,1,0.43453128926866047,1,0,1,0,0,0,0,1,0.16293234896625058,1
231,3,0.35913546117114853,0,1,0,0,0,1,1,0,0.015175789316712771,0
232,2,0.7361146016587082,0,1,0,0,0,1,1,0,0.026350245115835676,0
233,3,0.05755214878110078,1,0,0,1,0,0,0,1,0.061264319894317944,1
234,2,0.2963056044232219,0,1,0,0,0,1,1,0,0.020494635090094415,0
235,3,0.22090977632570996,1,0,0,1,0,0,1,0,0.014736618564782174,0
236,2,0.5476250314149284,0,1,0,0,0,1,0,1,0.050748620223090936,0
237,2,0.09525006282985675,1,0,0,1,0,0,0,1,0.05123658772523604,1
238,2,0.23347574767529528,0,1,0,0,0,1,1,0,0.020494635090094415,0
239,2,0.4093993465694898,0,1,0,0,0,1,1,0,0.023959204355324663,0
240,3,0.22090977632570996,1,0,0,1,0,0,0,1,0.028212719478023115,0
241,3,0.22090977632570996,1,0,0,1,0,0,0,1,0.030253985132996517,1
242,2,0.35913546117114853,0,1,0,0,0,1,1,0,0.020494635090094415,0
243,3,0.2711736617240513,0,1,0,0,0,1,1,0,0.013907073811135496,0
244,3,0.37170143252073384,0,1,0,0,0,1,1,0,0.014102260811993537,0
245,1,0.5476250314149284,0,1,0,0,0,1,0,1,0.17566830077223786,0
246,3,0.3088715757728072,1,0,0,1,0,0,1,0,0.015175789316712771,0
247,2,0.2963056044232219,1,0,1,0,0,0,0,1,0.028302115124416098,1
248,1,0.4596632319678311,0,1,0,0,0,1,0,1,0.10257896680493714,1
249,2,0.6732847449107816,0,1,0,0,0,1,0,1,0.050748620223090936,0
250,3,0.4093993465694898,0,1,0,0,0,1,1,0,0.014151057562208049,0
251,3,0.35913546117114853,1,0,1,0,0,0,0,1,0.02042143996477265,0
252,1,0.7738125157074642,0,1,0,0,0,1,1,0,0.051822148727810165,0
253,3,0.37170143252073384,0,1,0,0,0,1,0,1,0.031425107138144774,0
254,3,0.5099271173661724,1,0,1,0,0,0,0,1,0.039452172548431745,0
255,3,0.35913546117114853,1,0,1,0,0,0,0,1,0.029757819776815374,1
256,1,0.4093993465694898,1,0,1,0,0,0,1,0,0.15458810467956932,1
257,1,0.37170143252073384,1,0,0,1,0,0,1,0,0.16883675574220638,1
258,1,0.43453128926866047,1,0,0,1,0,0,1,0,1.0,1
259,2,0.6230208595124404,1,0,1,0,0,0,0,1,0.050748620223090936,1
260,3,0.4093993465694898,0,1,0,0,0,1,1,0,0.015126992566498259,0
261,3,0.032420206081930136,0,1,0,0,1,0,0,1,0.061264319894317944,1
262,1,0.648152802211611,0,1,0,0,0,1,0,1,0.1554664461834305,0
263,1,0.4973611460165871,0,1,0,0,0,1,1,0,0.0,0
264,3,0.22090977632570996,1,0,0,1,0,0,1,0,0.015126992566498259,0
265,2,0.4470972606182458,0,1,0,0,0,1,1,0,0.020494635090094415,0
266,3,0.19577783362653933,0,1,0,0,0,1,0,1,0.07746484096553544,0
267,3,0.3088715757728072,0,1,0,0,0,1,0,1,0.015175789316712771,1
268,1,0.7235486303091229,1,0,1,0,0,0,0,1,0.2995388511917728,1
269,1,0.43453128926866047,1,0,0,1,0,0,1,0,0.2647385704347907,1
270,1,0.4093993465694898,0,1,0,0,0,1,1,0,0.060507970265993034,0
271,3,0.3088715757728072,0,1,0,0,0,1,1,0,0.0,1
272,2,0.5099271173661724,1,0,1,0,0,0,0,1,0.0380614651673182,1
273,1,0.4596632319678311,0,1,0,0,0,1,0,1,0.057970539254838485,0
274,3,0.22090977632570996,1,0,0,1,0,0,1,0,0.015126992566498259,1
275,1,0.7863784870570495,1,0,0,1,0,0,0,1,0.15216446768991498,1
276,3,0.5601910027645137,1,0,0,1,0,0,1,0,0.015126992566498259,0
277,2,0.4093993465694898,0,1,0,0,0,1,1,0,0.0,0
278,3,0.08268409148027142,0,1,0,0,1,0,0,1,0.056848213999904744,0
279,3,0.43453128926866047,1,0,1,0,0,0,0,1,0.03952536767375352,1
280,3,0.8115104297562201,0,1,0,0,0,1,1,0,0.015126992566498259,0
281,3,0.3465694898215632,0,1,0,0,0,1,1,0,0.015330377421392339,0
282,3,0.19577783362653933,0,1,0,0,0,1,1,0,0.018542765081513996,0
283,3,0.23347574767529528,0,1,0,0,0,1,1,0,0.015712553569072387,1
284,1,0.4093993465694898,0,1,0,0,0,1,1,0,0.050748620223090936,0
285,3,0.4093993465694898,0,1,0,0,0,1,1,0,0.016908073949327893,0
286,3,0.37170143252073384,0,1,0,0,0,1,1,0,0.018542765081513996,1
287,3,0.2711736617240513,0,1,0,0,0,1,1,0,0.015411575213749284,0
288,2,0.5224930887157577,0,1,0,0,0,1,1,0,0.025374310111545468,1
289,3,0.2711736617240513,1,0,0,1,0,0,1,0,0.015126992566498259,1
290,1,0.32143754712239253,1,0,0,1,0,0,1,0,0.15390495017656614,1
291,1,0.23347574767529528,1,0,1,0,0,0,0,1,0.17777475888549785,1
292,2,0.4470972606182458,0,1,0,0,0,1,1,0,0.025130326360472913,0
293,3,0.2963056044232219,1,0,0,1,0,0,1,0,0.01727404957593672,0
294,3,0.2963056044232219,0,1,0,0,0,1,1,0,0.015411575213749284,0
295,1,0.4093993465694898,0,1,0,0,0,1,1,0,0.05410739813385612,0
296,3,0.2900226187484292,0,1,0,0,0,1,1,0,0.014110458666029575,0
297,1,0.01985423473234481,1,0,0,1,0,0,0,1,0.29580589980036276,0
298,1,0.4093993465694898,0,1,0,0,0,1,1,0,0.05953203526170282,1
299,1,0.6230208595124404,1,0,1,0,0,0,0,1,0.4831284260198326,1
300,3,0.22090977632570996,1,0,0,1,0,0,1,0,0.015126992566498259,1
301,3,0.4093993465694898,0,1,0,0,0,1,0,1,0.04538097769949478,1
302,3,0.23347574767529528,0,1,0,0,0,1,1,0,0.0,0
303,2,0.22090977632570996,1,0,0,1,0,0,1,0,0.024105594605968193,1
304,3,0.4093993465694898,0,1,0,0,0,1,1,0,0.015712553569072387,0
305,1,0.0062829856747926615,0,1,0,0,1,0,0,1,0.29580589980036276,1
306,1,0.22090977632570996,1,0,0,1,0,0,1,0,0.21642978772242535,1
307,1,0.20834380497612465,1,0,1,0,0,0,0,1,0.2125586439344078,1
308,2,0.37170143252073384,0,1,0,0,0,1,0,1,0.04684488020593009,0
309,1,0.37170143252073384,1,0,0,1,0,0,1,0,0.11111839809247648,1
310,1,0.2963056044232219,1,0,0,1,0,0,1,0,0.16231419173453318,1
311,1,0.22090977632570996,1,0,0,1,0,0,0,1,0.5121218935012878,1
312,2,0.32143754712239253,1,0,1,0,0,0,0,1,0.050748620223090936,0
313,3,0.3465694898215632,0,1,0,0,0,1,1,0,0.015411575213749284,0
314,2,0.5350590600653431,0,1,0,0,0,1,0,1,0.05123658772523604,0
315,3,0.32143754712239253,1,0,0,1,0,0,1,0,0.015330377421392339,1
316,2,0.2963056044232219,1,0,1,0,0,0,0,1,0.050748620223090936,1
317,2,0.6732847449107816,0,1,0,0,0,1,1,0,0.027326180120125887,0
318,1,0.38426740387031916,1,0,0,1,0,0,0,1,0.32179836714362564,1
319,1,0.4973611460165871,1,0,1,0,0,0,0,1,0.2625265161540666,1
320,3,0.2711736617240513,0,1,0,0,0,1,1,0,0.014151057562208049,0
321,3,0.33400351847197784,0,1,0,0,0,1,1,0,0.015411575213749284,0
322,2,0.37170143252073384,1,0,0,1,0,0,1,0,0.024105594605968193,1
323,2,0.2711736617240513,1,0,1,0,0,0,0,1,0.056604230248832196,1
324,3,0.4093993465694898,0,1,0,0,0,1,0,1,0.13575255909676823,0
325,1,0.4470972606182458,1,0,0,1,0,0,1,0,0.2647385704347907,1
326,3,0.7612465443578789,0,1,0,0,0,1,1,0,0.012174789178520372,0
327,2,0.4470972606182458,1,0,1,0,0,0,1,0,0.025374310111545468,1
328,3,0.38426740387031916,1,0,1,0,0,0,0,1,0.04006213192611313,1
329,1,0.19577783362653933,1,0,0,1,0,0,0,1,0.11316786160148591,1
330,3,0.22090977632570996,1,0,0,1,0,0,0,1,0.04538097769949478,1
331,1,0.5664739884393063,0,1,0,0,0,1,1,0,0.055628295244541985,0
332,1,0.4722292033174164,0,1,0,0,0,1,0,1,0.2995388511917728,0
333,3,0.19577783362653933,0,1,0,0,0,1,0,1,0.03513366015444757,0
334,1,0.4093993465694898,1,0,1,0,0,0,0,1,0.2608674266467732,1
335,3,0.4093993465694898,0,1,0,0,0,1,1,0,0.015411575213749284,0
336,1,0.35913546117114853,0,1,0,0,0,1,0,1,0.12999454257145598,0
337,1,0.5099271173661724,1,0,0,1,0,0,1,0,0.2625265161540666,1
338,3,0.5601910027645137,0,1,0,0,0,1,1,0,0.015712553569072387,1
339,1,0.5601910027645137,0,1,0,0,0,1,1,0,0.06929138530460492,0
340,2,0.01985423473234481,0,1,0,0,1,0,0,1,0.050748620223090936,1
341,1,0.2963056044232219,1,0,0,1,0,0,0,1,0.5133418122566505,1
342,2,0.3465694898215632,0,1,0,0,0,1,1,0,0.025374310111545468,0
343,2,0.3088715757728072,0,1,0,0,0,1,1,0,0.025374310111545468,0
344,2,0.4470972606182458,0,1,0,0,0,1,1,0,0.025374310111545468,0
345,2,0.2963056044232219,1,0,0,1,0,0,1,0,0.025374310111545468,1
346,2,0.4973611460165871,1,0,0,1,0,0,1,0,0.025374310111545468,1
347,3,0.4093993465694898,1,0,1,0,0,0,0,1,0.031425107138144774,1
348,3,0.032420206081930136,0,1,0,0,1,0,0,1,0.031034733136428686,1
349,3,0.5224930887157577,0,1,0,0,0,1,1,0,0.016908073949327893,0
350,3,0.2837396330736366,0,1,0,0,0,1,1,0,0.01800600082915438,0
351,1,0.4093993465694898,0,1,0,0,0,1,1,0,0.06831545030031472,0
352,3,0.18321186227695402,0,1,0,0,0,1,0,1,0.014110458666029575,0
353,3,0.3088715757728072,0,1,0,0,0,1,0,1,0.034743286152731485,0
354,3,0.4093993465694898,0,1,0,0,0,1,1,0,0.014102260811993537,0
355,3,0.3465694898215632,0,1,0,0,0,1,1,0,0.018542765081513996,0
356,1,0.2711736617240513,1,0,0,1,0,0,0,1,0.10735285047192313,1
357,2,0.4722292033174164,1,0,0,1,0,0,1,0,0.025374310111545468,0
358,3,0.22090977632570996,1,0,0,1,0,0,1,0,0.01537917417160685,1
359,3,0.22090977632570996,1,0,0,1,0,0,1,0,0.01537917417160685,1
360,3,0.4973611460165871,0,1,0,0,0,1,0,1,0.05445717323939373,0
361,2,0.35913546117114853,0,1,0,0,0,1,0,1,0.05410739813385612,0
362,3,0.5601910027645137,1,0,1,0,0,0,0,1,0.028212719478023115,0
363,3,0.43453128926866047,0,1,0,0,0,1,1,0,0.013760683560491965,0
364,3,0.4093993465694898,0,1,0,0,0,1,0,1,0.030253985132996517,0
365,3,0.37170143252073384,0,1,0,0,0,1,1,0,0.014151057562208049,0
366,1,0.7486805730082935,1,0,1,0,0,0,0,1,0.14687821814567664,1
367,3,0.4093993465694898,1,0,1,0,0,0,1,0,0.014110458666029575,1
368,3,0.22090977632570996,1,0,0,1,0,0,1,0,0.015126992566498259,1
369,1,0.2963056044232219,1,0,1,0,0,0,1,0,0.13526459159462315,1
370,1,0.3088715757728072,0,1,0,0,0,1,0,1,0.1082149914547131,1
371,3,0.22090977632570996,0,1,0,0,0,1,0,1,0.012678957201736696,0
372,3,0.23347574767529528,0,1,0,0,0,1,1,0,0.015712553569072387,0
373,1,0.2711736617240513,0,1,0,0,0,1,1,0,0.2647385704347907,0
374,3,0.032420206081930136,1,0,0,1,0,0,0,1,0.04113566043083236,0
375,1,0.4093993465694898,1,0,1,0,0,0,0,1,0.16038672010106,1
376,3,0.2711736617240513,1,0,0,1,0,0,1,0,0.014151057562208049,1
377,1,0.33400351847197784,0,1,0,0,0,1,0,1,0.41282050681475896,0
378,3,0.24604171902488062,0,1,0,0,0,1,1,0,0.007831878409428937,0
379,3,0.23347574767529528,0,1,0,0,0,1,1,0,0.015175789316712771,0
380,1,0.5224930887157577,1,0,0,1,0,0,1,0,0.4440992237022602,1
381,3,0.007288263382759489,1,0,0,1,0,0,0,1,0.030725752114070404,1
382,3,0.39683337521990447,0,1,0,0,0,1,1,0,0.015468569817999833,0
383,1,0.43453128926866047,1,0,1,0,0,0,0,1,0.10149724044618187,1
384,3,0.4093993465694898,0,1,0,0,0,1,1,0,0.015411575213749284,0
385,2,0.22090977632570996,0,1,0,0,0,1,1,0,0.1434624456306609,0
386,3,0.007288263382759489,0,1,0,0,1,0,0,1,0.09154270340242172,0
387,2,0.4470972606182458,1,0,0,1,0,0,1,0,0.025374310111545468,1
388,3,0.4093993465694898,0,1,0,0,0,1,1,0,0.015086393670319786,0
389,2,0.20834380497612465,1,0,0,1,0,0,1,0,0.023422440102965045,1
390,1,0.4470972606182458,0,1,0,0,0,1,0,1,0.23422440102965045,1
391,3,0.2586076903744659,0,1,0,0,0,1,1,0,0.015216388212891242,1
392,3,0.3465694898215632,0,1,0,0,0,1,0,1,0.015468569817999833,0
393,1,0.2837396330736366,1,0,0,1,0,0,0,1,0.22109807522194713,1
394,3,0.2963056044232219,1,0,1,0,0,0,0,1,0.03259622914329302,1
395,3,0.2711736617240513,0,1,0,0,0,1,1,0,0.015216388212891242,0
396,3,0.38426740387031916,1,0,0,1,0,0,1,0,0.015330377421392339,0
397,2,0.572756974114099,0,1,0,0,0,1,1,0,0.050748620223090936,0
398,2,0.2837396330736366,0,1,0,0,0,1,1,0,0.020494635090094415,0
399,2,0.3465694898215632,1,0,1,0,0,0,1,0,0.02469115560854232,1
400,3,0.4847951746670017,0,1,0,0,0,1,1,0,0.015468569817999833,1
401,3,0.32143754712239253,0,1,0,0,0,1,1,0,0.015712553569072387,0
402,3,0.2586076903744659,1,0,0,1,0,0,0,1,0.019177122834302632,0
403,3,0.3465694898215632,0,1,0,0,0,1,0,1,0.030937139635999665,0
404,3,0.24604171902488062,1,0,0,1,0,0,1,0,0.016908073949327893,0
405,2,0.42196531791907516,0,1,0,0,0,1,0,1,0.04098927018018883,0
406,3,0.6355868308620256,0,1,0,0,0,1,1,0,0.015126992566498259,0
407,2,0.032420206081930136,0,1,0,0,1,0,0,1,0.03659756266088288,1
408,3,0.2586076903744659,0,1,0,0,0,1,1,0,0.015175789316712771,0
409,3,0.22090977632570996,1,0,0,1,0,0,0,1,0.04970768794751499,0
410,3,0.4093993465694898,0,1,0,0,0,1,1,0,0.015411575213749284,0
411,3,0.4093993465694898,0,1,0,0,0,1,1,0,0.013386510079847098,0
412,1,0.4093993465694898,1,0,0,1,0,0,0,1,0.17566830077223786,1
413,2,0.4093993465694898,0,1,0,0,0,1,1,0,0.0,0
414,3,0.5476250314149284,0,1,0,0,0,1,1,0,0.015468569817999833,1
415,3,0.4093993465694898,1,0,1,0,0,0,1,0,0.015712553569072387,0
416,2,0.42196531791907516,1,0,1,0,0,0,0,1,0.06343577527886367,1
417,2,0.22090977632570996,1,0,0,1,0,0,0,1,0.025374310111545468,1
418,2,0.37170143252073384,0,1,0,0,0,1,1,0,0.025374310111545468,0
419,3,0.12038200552902739,1,0,0,1,0,0,0,1,0.04713766070721715,0
420,3,0.4093993465694898,0,1,0,0,0,1,1,0,0.015411575213749284,0
421,3,0.2586076903744659,0,1,0,0,0,1,1,0,0.015094396337354966,0
422,3,0.35913546117114853,0,1,0,0,0,1,1,0,0.015370976317570811,0
423,3,0.3465694898215632,1,0,1,0,0,0,0,1,0.028106928123558056,0
424,3,0.22090977632570996,0,1,0,0,0,1,0,1,0.039452172548431745,0
425,3,0.4093993465694898,0,1,0,0,0,1,1,0,0.014151057562208049,0
426,2,0.3465694898215632,1,0,1,0,0,0,0,1,0.050748620223090936,1
427,2,0.23347574767529528,1,0,0,1,0,0,1,0,0.050748620223090936,1
428,3,0.4093993465694898,0,1,0,0,0,1,1,0,0.015126992566498259,0
429,3,0.39683337521990447,0,1,0,0,0,1,1,0,0.015712553569072387,1
430,1,0.3465694898215632,0,1,0,0,0,1,1,0,0.051822148727810165,1
431,3,0.4093993465694898,1,0,1,0,0,0,0,1,0.031425107138144774,1
432,2,0.5224930887157577,1,0,1,0,0,0,0,1,0.050748620223090936,1
433,3,0.20834380497612465,0,1,0,0,0,1,1,0,0.013907073811135496,0
434,1,0.6230208595124404,0,1,0,0,0,1,0,1,0.1091095334796455,0
435,1,0.17064589092736868,1,0,0,1,0,0,0,1,0.23422440102965045,1
436,3,0.2586076903744659,1,0,0,1,0,0,0,1,0.06709553154495196,0
437,2,0.2963056044232219,1,0,1,0,0,0,0,1,0.03659756266088288,1
438,1,0.7989444584066349,0,1,0,0,0,1,0,1,0.5133418122566505,0
439,2,0.38426740387031916,0,1,0,0,0,1,1,0,0.020494635090094415,0
440,2,0.5601910027645137,1,0,1,0,0,0,0,1,0.05123658772523604,1
441,3,0.24604171902488062,0,1,0,0,0,1,1,0,0.018542765081513996,0
442,3,0.3088715757728072,0,1,0,0,0,1,0,1,0.015175789316712771,0
443,2,0.3465694898215632,1,0,0,1,0,0,1,0,0.025374310111545468,1
444,3,0.4093993465694898,0,1,0,0,0,1,1,0,0.015834545444608664,1
445,1,0.04498617743151546,0,1,0,0,1,0,0,1,0.15977676072337862,1
446,2,0.15807991957778336,1,0,0,1,0,0,0,1,0.0380614651673182,1
447,1,0.42196531791907516,0,1,0,0,0,1,1,0,0.051822148727810165,1
448,3,0.05755214878110078,1,0,0,1,0,0,0,1,0.03758969818624431,1
449,1,0.648152802211611,0,1,0,0,0,1,1,0,0.05953203526170282,1
450,2,0.4470972606182458,0,1,0,0,0,1,0,1,0.05416439273810667,0
451,3,0.4093993465694898,0,1,0,0,0,1,0,1,0.03897240290032268,0
452,1,0.37170143252073384,0,1,0,0,0,1,1,0,0.05416439273810667,0
453,1,0.610454888162855,0,1,0,0,0,1,0,1,0.17391981561855152,1
454,3,0.4093993465694898,0,1,0,0,0,1,1,0,0.015712553569072387,0
455,3,0.35913546117114853,0,1,0,0,0,1,1,0,0.015411575213749284,1
456,1,0.8115104297562201,0,1,0,0,0,1,1,0,0.051822148727810165,0
457,1,0.4093993465694898,1,0,1,0,0,0,0,1,0.10122885832000206,1
458,2,0.6230208595124404,1,0,0,1,0,0,1,0,0.020494635090094415,1
459,3,0.4093993465694898,0,1,0,0,0,1,1,0,0.015126992566498259,0
460,1,0.5978889168132696,0,1,0,0,0,1,1,0,0.051822148727810165,1
461,3,0.42196531791907516,0,1,0,0,0,1,1,0,0.015712553569072387,0
462,1,0.5853229454636844,0,1,0,0,0,1,1,0,0.07514699533034619,0
463,2,0.5978889168132696,0,1,0,0,0,1,1,0,0.025374310111545468,0
464,3,0.4093993465694898,0,1,0,0,0,1,1,0,0.015712553569072387,0
465,3,0.4722292033174164,0,1,0,0,0,1,1,0,0.013760683560491965,0
466,2,0.4093993465694898,0,1,0,0,0,1,1,0,0.0,0
467,1,0.6984166876099522,0,1,0,0,0,1,1,0,0.051822148727810165,0
468,3,0.4093993465694898,0,1,0,0,0,1,1,0,0.015078195816283748,0
469,3,0.004146770545363157,1,0,0,1,0,0,0,1,0.03758969818624431,1
470,3,0.4093993465694898,0,1,0,0,0,1,1,0,0.014151057562208049,0
471,3,0.4722292033174164,0,1,0,0,0,1,1,0,0.016908073949327893,0
472,2,0.4093993465694898,1,0,1,0,0,0,0,1,0.05416439273810667,1
473,2,0.2837396330736366,1,0,1,0,0,0,1,0,0.026919605597338588,1
474,3,0.2711736617240513,1,0,0,1,0,0,1,0,0.019201521209409888,0
475,1,0.4093993465694898,0,1,0,0,0,1,1,0,0.10149724044618187,0
476,2,0.42196531791907516,0,1,0,0,0,1,0,1,0.04098927018018883,0
477,3,0.35913546117114853,0,1,0,0,0,1,0,1,0.013752485706455927,0
478,3,0.2711736617240513,0,1,0,0,0,1,1,0,0.014679623960531627,0
479,3,0.01985423473234481,1,0,0,1,0,0,0,1,0.023983602730431916,1
480,3,0.10781603417944208,0,1,0,0,1,0,0,1,0.09154270340242172,0
481,2,0.4093993465694898,0,1,0,0,0,1,1,0,0.0,0
482,3,0.6230208595124404,0,1,0,0,0,1,1,0,0.015712553569072387,0
483,3,0.7863784870570495,1,0,1,0,0,0,1,0,0.018713553707264782,1
484,1,0.3088715757728072,0,1,0,0,0,1,0,1,0.17777475888549785,1
485,3,0.22090977632570996,1,0,0,1,0,0,0,1,0.04970768794751499,0
486,1,0.43453128926866047,1,0,1,0,0,0,0,1,0.17566830077223786,1
487,1,0.7235486303091229,0,1,0,0,0,1,1,0,0.057970539254838485,0
488,3,0.37170143252073384,0,1,0,0,0,1,1,0,0.015712553569072387,0
489,3,0.10781603417944208,0,1,0,0,1,0,0,1,0.031034733136428686,1
490,3,0.4093993465694898,0,1,0,0,0,1,0,1,0.03897240290032268,0
491,3,0.2586076903744659,0,1,0,0,0,1,1,0,0.014151057562208049,0
492,1,0.6858507162603669,0,1,0,0,0,1,1,0,0.05953203526170282,0
493,1,0.8869062578537321,0,1,0,0,0,1,1,0,0.09662576327876685,0
494,3,0.2586076903744659,0,1,0,0,0,1,1,0,0.015712553569072387,0
495,3,0.4093993465694898,0,1,0,0,0,1,1,0,0.028220722145058292,0
496,1,0.6732847449107816,1,0,0,1,0,0,0,1,0.1527664244005612,1
497,3,0.4093993465694898,0,1,0,0,0,1,1,0,0.029473237129564348,0
498,1,0.3088715757728072,1,0,1,0,0,0,0,1,0.29580589980036276,0
499,3,0.2963056044232219,0,1,0,0,0,1,1,0,0.015216388212891242,0
500,3,0.20834380497612465,0,1,0,0,0,1,1,0,0.016908073949327893,0
501,3,0.2586076903744659,1,0,0,1,0,0,1,0,0.015126992566498259,0
502,3,0.22090977632570996,1,0,0,1,0,0,1,0,0.014891206669461744,0
503,3,0.4596632319678311,1,0,0,1,0,0,1,0,0.018713553707264782,0
504,1,0.19577783362653933,1,0,0,1,0,0,1,0,0.16883675574220638,1
505,1,0.22090977632570996,0,1,0,0,0,1,0,1,0.2125586439344078,0
506,2,0.4093993465694898,1,0,1,0,0,0,0,1,0.050748620223090936,1
507,1,0.4093993465694898,0,1,0,0,0,1,1,0,0.051822148727810165,1
508,3,0.3465694898215632,0,1,0,0,0,1,1,0,0.04396587194327397,0
509,3,0.32143754712239253,0,1,0,0,0,1,1,0,0.11027245763075773,1
510,3,0.35913546117114853,0,1,0,0,0,1,1,0,0.015126992566498259,1
511,3,0.4093993465694898,0,1,0,0,0,1,1,0,0.015712553569072387,0
512,1,0.4470972606182458,0,1,0,0,0,1,1,0,0.05130978285055781,1
513,1,0.6732847449107816,1,0,1,0,0,0,0,1,0.11594107850967697,1
514,3,0.2963056044232219,0,1,0,0,0,1,1,0,0.014630827210317115,0
515,1,0.5853229454636844,0,1,0,0,0,1,1,0,0.06640417918791278,0
516,2,0.42196531791907516,1,0,1,0,0,0,1,0,0.020494635090094415,1
517,3,0.4093993465694898,0,1,0,0,0,1,1,0,0.04713766070721715,0
518,2,0.4470972606182458,1,0,1,0,0,0,0,1,0.050748620223090936,1
519,3,0.39683337521990447,0,1,0,0,0,1,1,0,0.015411575213749284,0
520,1,0.37170143252073384,1,0,0,1,0,0,1,0,0.18249984580226933,1
521,3,0.2711736617240513,0,1,0,0,0,1,1,0,0.015411575213749284,0
522,3,0.4093993465694898,0,1,0,0,0,1,1,0,0.014102260811993537,0
523,1,0.5476250314149284,1,0,1,0,0,0,0,1,0.11316786160148591,1
524,3,0.4093993465694898,0,1,0,0,0,1,1,0,0.014110458666029575,0
525,3,0.5036441316913798,0,1,0,0,0,1,1,0,0.015126992566498259,0
526,2,0.6230208595124404,1,0,0,1,0,0,1,0,0.020494635090094415,1
527,1,0.4093993465694898,0,1,0,0,0,1,1,0,0.4328841690069588,0
528,3,0.4847951746670017,0,1,0,0,0,1,1,0,0.015468569817999833,0
529,2,0.2837396330736366,0,1,0,0,0,1,0,1,0.022446505098674834,0
530,2,0.01985423473234481,1,0,0,1,0,0,0,1,0.050748620223090936,1
531,3,0.4093993465694898,0,1,0,0,0,1,1,0,0.014110458666029575,0
532,3,0.20834380497612465,0,1,0,0,0,1,0,1,0.014110458666029575,0
533,3,0.4093993465694898,1,0,1,0,0,0,0,1,0.04364049521284361,1
534,3,0.37170143252073384,1,0,0,1,0,0,1,0,0.016908073949327893,0
535,2,0.08268409148027142,1,0,0,1,0,0,0,1,0.05123658772523604,1
536,1,0.5601910027645137,0,1,0,0,0,1,1,0,0.051822148727810165,0
537,1,0.37170143252073384,1,0,0,1,0,0,1,0,0.20772776566317125,1
538,3,0.4093993465694898,0,1,0,0,0,1,1,0,0.028302115124416098,0
539,1,0.2711736617240513,1,0,0,1,0,0,0,1,0.09661756542473081,1
540,1,0.4470972606182458,1,0,0,1,0,0,0,1,0.13858277060920984,1
541,3,0.10781603417944208,1,0,0,1,0,0,0,1,0.06104473451835265,0
542,3,0.13294797687861273,1,0,0,1,0,0,0,1,0.06104473451835265,0
543,2,0.39683337521990447,0,1,0,0,0,1,0,1,0.050748620223090936,1
544,1,0.6230208595124404,0,1,0,0,0,1,0,1,0.20772776566317125,0
545,1,0.7989444584066349,0,1,0,0,0,1,1,0,0.050748620223090936,0
546,2,0.23347574767529528,1,0,1,0,0,0,0,1,0.050748620223090936,1
547,2,0.4093993465694898,0,1,0,0,0,1,1,0,0.02705779799394608,1
548,3,0.4093993465694898,0,1,0,0,0,1,0,1,0.04006213192611313,0
549,2,0.09525006282985675,0,1,0,0,1,0,0,1,0.07173122281533045,1
550,1,0.20834380497612465,0,1,0,0,0,1,0,1,0.21642978772242535,1
551,2,0.33400351847197784,0,1,0,0,0,1,1,0,0.050748620223090936,0
552,3,0.4093993465694898,0,1,0,0,0,1,1,0,0.015281580671177828,0
553,3,0.2711736617240513,0,1,0,0,0,1,1,0,0.014102260811993537,1
554,3,0.2711736617240513,1,0,0,1,0,0,1,0,0.015175789316712771,1
555,1,0.7738125157074642,0,1,0,0,0,1,1,0,0.051822148727810165,0
556,1,0.5978889168132696,1,0,0,0,0,0,0,1,0.07729405233978466,1
557,1,0.4093993465694898,0,1,0,0,0,1,1,0,0.4440992237022602,0
558,1,0.4847951746670017,1,0,1,0,0,0,0,1,0.1554664461834305,1
559,3,0.4470972606182458,1,0,1,0,0,0,0,1,0.033962538149299316,1
560,3,0.4093993465694898,0,1,0,0,0,1,1,0,0.015126992566498259,0
561,3,0.4973611460165871,0,1,0,0,0,1,1,0,0.015411575213749284,0
562,2,0.3465694898215632,0,1,0,0,0,1,1,0,0.026350245115835676,0
563,3,0.4093993465694898,0,1,0,0,0,1,1,0,0.015712553569072387,0
564,3,0.22090977632570996,1,0,0,1,0,0,1,0,0.015712553569072387,0
565,3,0.2963056044232219,0,1,0,0,0,1,0,1,0.04713766070721715,0
566,3,0.23347574767529528,0,1,0,0,0,1,1,0,0.015411575213749284,0
567,3,0.35913546117114853,1,0,1,0,0,0,0,1,0.04113566043083236,0
568,3,0.4093993465694898,0,1,0,0,0,1,1,0,0.014110458666029575,0
569,3,0.39683337521990447,0,1,0,0,0,1,1,0,0.015330377421392339,1
570,2,0.7738125157074642,0,1,0,0,0,1,1,0,0.020494635090094415,1
571,1,0.6607187735611962,1,0,1,0,0,0,0,1,0.10048070654571319,1
572,1,0.4470972606182458,0,1,0,0,0,1,1,0,0.051504969851415845,1
573,3,0.22090977632570996,1,0,0,1,0,0,1,0,0.015126992566498259,1
574,3,0.19577783362653933,0,1,0,0,0,1,1,0,0.015712553569072387,0
575,3,0.23347574767529528,0,1,0,0,0,1,1,0,0.028302115124416098,0
576,2,0.42196531791907516,1,0,0,1,0,0,1,0,0.025374310111545468,1
577,1,0.4847951746670017,1,0,1,0,0,0,0,1,0.1091095334796455,1
578,3,0.4093993465694898,1,0,1,0,0,0,0,1,0.028220722145058292,0
579,3,0.39683337521990447,0,1,0,0,0,1,1,0,0.015468569817999833,1
580,2,0.3088715757728072,1,0,0,1,0,0,0,1,0.05855610025741261,1
581,1,0.4847951746670017,1,0,1,0,0,0,0,1,0.21642978772242535,1
582,2,0.6732847449107816,0,1,0,0,0,1,1,0,0.050748620223090936,0
583,1,0.4470972606182458,0,1,0,0,0,1,1,0,0.07831878409428937,0
584,3,0.4093993465694898,0,1,0,0,0,1,1,0,0.017005667449756914,0
585,1,0.22090977632570996,1,0,0,1,0,0,0,1,0.1554664461834305,1
586,2,0.5853229454636844,0,1,0,0,0,1,1,0,0.029278050128706306,0
587,1,0.7486805730082935,0,1,0,0,0,1,0,1,0.15458810467956932,1
588,3,0.2711736617240513,0,1,0,0,0,1,1,0,0.015712553569072387,0
589,3,0.4093993465694898,0,1,0,0,0,1,1,0,0.015712553569072387,0
590,3,0.43453128926866047,0,1,0,0,0,1,1,0,0.013907073811135496,0
591,1,0.648152802211611,1,0,1,0,0,0,0,1,0.1527664244005612,1
592,3,0.5853229454636844,0,1,0,0,0,1,1,0,0.014151057562208049,0
593,3,0.22090977632570996,1,0,0,1,0,0,0,1,0.015126992566498259,0
594,2,0.4596632319678311,0,1,0,0,0,1,0,1,0.050748620223090936,0
595,3,0.4470972606182458,0,1,0,0,0,1,0,1,0.04713766070721715,0
596,2,0.22090977632570996,1,0,0,1,0,0,1,0,0.06441171028315387,1
597,3,0.610454888162855,0,1,0,0,0,1,1,0,0.0,0
598,3,0.4093993465694898,0,1,0,0,0,1,1,0,0.014102260811993537,0
599,1,0.610454888162855,0,1,0,0,0,0,0,1,0.11111839809247648,1
600,2,0.2963056044232219,1,0,1,0,0,0,0,1,0.05270049023167135,1
601,3,0.4093993465694898,0,1,0,0,0,1,1,0,0.015411575213749284,0
602,1,0.4093993465694898,0,1,0,0,0,1,1,0,0.08275928836380983,0
603,3,0.5476250314149284,0,1,0,0,0,1,1,0,0.015712553569072387,0
604,1,0.43453128926866047,0,1,0,0,0,1,1,0,0.051822148727810165,1
605,3,0.4470972606182458,0,1,0,0,0,1,0,1,0.030351578633425542,0
606,3,0.37170143252073384,0,1,0,0,0,1,1,0,0.015411575213749284,0
607,1,0.33400351847197784,0,1,0,0,0,1,1,0,0.05953203526170282,1
608,2,0.2711736617240513,1,0,1,0,0,0,0,1,0.08115719346076702,1
609,1,0.4973611460165871,1,0,0,1,0,0,1,0,0.2995388511917728,1
610,3,0.4847951746670017,1,0,1,0,0,0,0,1,0.06104473451835265,0
611,3,0.4093993465694898,0,1,0,0,0,1,1,0,0.013760683560491965,0
612,3,0.22090977632570996,1,0,0,1,0,0,0,1,0.030253985132996517,1
613,3,0.4093993465694898,0,1,0,0,0,1,1,0,0.015126992566498259,0
614,3,0.43453128926866047,0,1,0,0,0,1,1,0,0.015712553569072387,0
615,2,0.2963056044232219,1,0,0,1,0,0,0,1,0.12687155055772734,1
616,3,0.42196531791907516,0,1,0,0,0,1,0,1,0.028106928123558056,0
617,3,0.32143754712239253,1,0,1,0,0,0,0,1,0.031425107138144774,0
618,2,0.04498617743151546,1,0,0,1,0,0,0,1,0.0761229303346364,1
619,2,0.32143754712239253,0,1,0,0,0,1,1,0,0.020494635090094415,0
620,3,0.33400351847197784,0,1,0,0,0,1,0,1,0.028212719478023115,0
621,1,0.5224930887157577,0,1,0,0,0,1,0,1,0.10257896680493714,1
622,3,0.24604171902488062,0,1,0,0,0,1,0,1,0.030725752114070404,1
623,3,0.2586076903744659,0,1,0,0,0,1,1,0,0.015330377421392339,0
624,3,0.2586076903744659,0,1,0,0,0,1,1,0,0.031425107138144774,0
625,1,0.7612465443578789,0,1,0,0,0,1,1,0,0.06308600017332605,0
626,2,0.7109826589595376,0,1,0,0,0,1,1,0,0.024105594605968193,0
627,1,0.2586076903744659,1,0,0,1,0,0,1,0,0.15216446768991498,1
628,3,0.32143754712239253,0,1,0,0,0,1,1,0,0.015411575213749284,0
629,3,0.4093993465694898,0,1,0,0,0,1,1,0,0.015094396337354966,0
630,1,1.0,0,1,0,0,0,1,1,0,0.05855610025741261,1
631,3,0.6355868308620256,0,1,0,0,0,1,1,0,0.013768881414528002,0
632,1,0.39683337521990447,0,1,0,0,0,1,1,0,0.05953203526170282,1
633,1,0.4093993465694898,0,1,0,0,0,1,1,0,0.0,0
634,3,0.10781603417944208,1,0,0,1,0,0,0,1,0.05445717323939373,0
635,2,0.3465694898215632,1,0,0,1,0,0,1,0,0.025374310111545468,1
636,3,0.39683337521990447,0,1,0,0,0,1,1,0,0.015468569817999833,0
637,2,0.38426740387031916,0,1,0,0,0,1,0,1,0.05123658772523604,0
638,3,0.5099271173661724,1,0,1,0,0,0,0,1,0.07746484096553544,0
639,3,0.4093993465694898,0,1,0,0,0,1,0,1,0.031425107138144774,0
640,3,0.24604171902488062,0,1,0,0,0,1,1,0,0.015330377421392339,0
641,1,0.2963056044232219,1,0,0,1,0,0,1,0,0.13526459159462315,1
642,3,0.01985423473234481,1,0,0,1,0,0,0,1,0.05445717323939373,0
643,3,0.4093993465694898,0,1,0,0,0,1,1,0,0.11027245763075773,1
644,3,0.004146770545363157,1,0,0,1,0,0,0,1,0.03758969818624431,1
645,1,0.5978889168132696,0,1,0,0,0,1,0,1,0.1497654242623688,1
646,3,0.23347574767529528,0,1,0,0,0,1,1,0,0.015411575213749284,0
647,1,0.6984166876099522,0,1,0,0,0,1,1,0,0.06929138530460492,1
648,3,0.4093993465694898,0,1,0,0,0,1,1,0,0.014736618564782174,0
649,3,0.2837396330736366,1,0,0,1,0,0,1,0,0.014736618564782174,1
650,3,0.4093993465694898,0,1,0,0,0,1,1,0,0.015411575213749284,0
651,2,0.22090977632570996,1,0,0,1,0,0,0,1,0.04489301019734967,1
652,3,0.2586076903744659,0,1,0,0,0,1,1,0,0.01646070534336126,0
653,3,0.22090977632570996,1,0,0,1,0,0,1,0,0.015281580671177828,1
654,3,0.22090977632570996,1,0,0,1,0,0,1,0,0.013175122557917838,0
655,2,0.2963056044232219,0,1,0,0,0,1,0,1,0.1434624456306609,0
656,3,0.4093993465694898,0,1,0,0,0,1,1,0,0.015411575213749284,0
657,3,0.39683337521990447,1,0,1,0,0,0,0,1,0.030253985132996517,0
658,2,0.2837396330736366,0,1,0,0,0,1,1,0,0.025374310111545468,0
659,1,0.7235486303091229,0,1,0,0,0,1,0,1,0.22109807522194713,0
660,1,0.6230208595124404,0,1,0,0,0,1,0,1,0.2608674266467732,1
661,3,0.4973611460165871,0,1,0,0,0,1,1,0,0.014102260811993537,0
662,1,0.5853229454636844,0,1,0,0,0,1,1,0,0.04994347384455151,0
663,3,0.4470972606182458,0,1,0,0,0,1,1,0,0.014630827210317115,0
664,3,0.24604171902488062,0,1,0,0,0,1,0,1,0.015468569817999833,1
665,2,0.39683337521990447,0,1,0,0,0,1,0,1,0.1434624456306609,0
666,2,0.3088715757728072,0,1,0,0,0,1,1,0,0.025374310111545468,0
667,3,0.4093993465694898,0,1,0,0,0,1,1,0,0.015175789316712771,0
668,3,0.5350590600653431,0,1,0,0,0,1,1,0,0.015712553569072387,0
669,1,0.4093993465694898,1,0,1,0,0,0,0,1,0.10149724044618187,1
670,2,0.4973611460165871,1,0,1,0,0,0,0,1,0.0761229303346364,1
671,1,0.38426740387031916,0,1,0,0,0,1,0,1,0.10149724044618187,0
672,2,0.8743402865041467,0,1,0,0,0,1,1,0,0.020494635090094415,0
673,2,0.38426740387031916,0,1,0,0,0,1,1,0,0.025374310111545468,1
674,2,0.4093993465694898,0,1,0,0,0,1,1,0,0.0,0
675,3,0.22090977632570996,0,1,0,0,0,1,1,0,0.015175789316712771,0
676,3,0.3025885900980146,0,1,0,0,0,1,1,0,0.015712553569072387,0
677,3,0.22090977632570996,1,0,0,1,0,0,1,0,0.019209719063445922,1
678,3,0.5350590600653431,1,0,1,0,0,0,0,1,0.09154270340242172,0
679,1,0.4470972606182458,0,1,0,0,0,1,0,1,1.0,1
680,3,0.22090977632570996,1,0,0,1,0,0,1,0,0.01588334219482317,0
681,1,0.33400351847197784,0,1,0,0,0,1,1,0,0.1497654242623688,1
682,3,0.24604171902488062,0,1,0,0,0,1,1,0,0.01800600082915438,0
683,3,0.17064589092736868,0,1,0,0,0,1,0,1,0.09154270340242172,0
684,2,0.7486805730082935,0,1,0,0,0,1,0,1,0.0761229303346364,0
685,2,0.3088715757728072,0,1,0,0,0,1,0,1,0.08115719346076702,0
686,3,0.17064589092736868,0,1,0,0,0,1,0,1,0.07746484096553544,0
687,3,0.23347574767529528,0,1,0,0,0,1,1,0,0.019852079483269742,0
688,3,0.22090977632570996,0,1,0,0,0,1,1,0,0.015216388212891242,0
689,1,0.18321186227695402,1,0,0,1,0,0,0,1,0.41250332793836464,1
690,1,0.38426740387031916,0,1,0,0,0,1,0,1,0.11125659048908397,1
691,3,0.04498617743151546,1,0,0,1,0,0,0,1,0.026187654344120927,1
692,3,0.4093993465694898,0,1,0,0,0,1,1,0,0.11027245763075773,1
693,3,0.3088715757728072,0,1,0,0,0,1,1,0,0.014102260811993537,0
694,1,0.7486805730082935,0,1,0,0,0,1,1,0,0.051822148727810165,0
695,2,0.648152802211611,0,1,0,0,0,1,1,0,0.026350245115835676,0
696,3,0.5476250314149284,0,1,0,0,0,1,1,0,0.015712553569072387,0
697,3,0.22090977632570996,1,0,0,1,0,0,1,0,0.015094396337354966,1
698,1,0.610454888162855,0,1,0,0,0,1,0,1,0.21642978772242535,0
699,3,0.5224930887157577,0,1,0,0,0,1,1,0,0.014931805565640218,0
700,1,0.22090977632570996,1,0,1,0,0,0,0,1,0.4440992237022602,1
701,1,0.43453128926866047,0,1,0,0,0,1,1,0,0.05130978285055781,1
702,3,0.22090977632570996,1,0,0,1,0,0,0,1,0.028212719478023115,0
703,3,0.3088715757728072,0,1,0,0,0,1,1,0,0.01511079204542704,0
704,3,0.32143754712239253,0,1,0,0,0,1,0,1,0.015330377421392339,0
705,2,0.4847951746670017,0,1,0,0,0,1,1,0,0.050748620223090936,0
706,2,0.5601910027645137,1,0,1,0,0,0,1,0,0.026350245115835676,1
707,1,0.5224930887157577,0,1,0,0,0,1,1,0,0.05130978285055781,1
708,1,0.2711736617240513,1,0,0,1,0,0,1,0,0.29580589980036276,1
709,3,0.22090977632570996,0,1,0,0,1,0,0,1,0.029757819776815374,1
710,1,0.2963056044232219,1,0,0,1,0,0,1,0,0.09662576327876685,1
711,1,0.4093993465694898,0,1,0,0,0,1,1,0,0.051822148727810165,0
712,1,0.5978889168132696,0,1,0,0,0,1,0,1,0.10149724044618187,1
713,3,0.35913546117114853,0,1,0,0,0,1,1,0,0.018510168852370702,0
714,2,0.648152802211611,0,1,0,0,0,1,1,0,0.025374310111545468,0
715,3,0.23347574767529528,0,1,0,0,0,1,1,0,0.014931805565640218,0
716,1,0.4722292033174164,1,0,0,1,0,0,1,0,0.4440992237022602,1
717,2,0.33400351847197784,1,0,0,1,0,0,1,0,0.020494635090094415,1
718,3,0.4093993465694898,0,1,0,0,0,1,1,0,0.030253985132996517,0
719,3,0.4093993465694898,0,1,0,0,0,1,1,0,0.015175789316712771,0
720,2,0.0701181201306861,1,0,0,1,0,0,0,1,0.06441171028315387,1
721,3,0.20834380497612465,0,1,0,0,0,1,0,1,0.013768881414528002,0
722,2,0.42196531791907516,0,1,0,0,0,1,1,0,0.025374310111545468,0
723,2,0.6230208595124404,0,1,0,0,0,1,1,0,0.025374310111545468,0
724,1,0.33400351847197784,0,1,0,0,0,1,0,1,0.10364429745562033,1
725,3,0.24604171902488062,0,1,0,0,0,1,1,0,0.016908073949327893,0
726,2,0.37170143252073384,1,0,1,0,0,0,0,1,0.04098927018018883,1
727,3,0.22090977632570996,1,0,0,1,0,0,1,0,0.015102594191391002,1
728,2,0.3088715757728072,0,1,0,0,0,1,0,1,0.050748620223090936,0
729,3,0.3088715757728072,1,0,0,1,0,0,0,1,0.015468569817999833,0
730,1,0.35913546117114853,1,0,0,1,0,0,1,0,0.41250332793836464,1
731,3,0.13294797687861273,0,1,0,0,0,1,1,0,0.036670757786204655,0
732,2,0.4093993465694898,0,1,0,0,0,1,1,0,0.0,0
733,2,0.2837396330736366,0,1,0,0,0,1,1,0,0.025374310111545468,0
734,2,0.2837396330736366,0,1,0,0,0,1,1,0,0.025374310111545468,0
735,3,0.35285247549635584,0,1,0,0,0,1,1,0,0.031425107138144774,0
736,3,0.5978889168132696,1,0,1,0,0,0,0,1,0.06709553154495196,0
737,1,0.43453128926866047,0,1,0,0,0,1,1,0,1.0,1
738,3,0.4093993465694898,0,1,0,0,0,1,1,0,0.015411575213749284,0
739,3,0.4093993465694898,0,1,0,0,0,1,1,0,0.015411575213749284,0
740,1,0.4093993465694898,0,1,0,0,0,1,1,0,0.05855610025741261,1
741,1,0.4470972606182458,0,1,0,0,0,1,0,1,0.15390495017656614,0
742,1,0.2586076903744659,1,0,0,1,0,0,0,1,0.5121218935012878,1
743,3,0.2963056044232219,0,1,0,0,0,1,0,1,0.031425107138144774,0
744,3,0.38426740387031916,0,1,0,0,0,1,1,0,0.015468569817999833,1
745,1,0.8743402865041467,0,1,0,0,0,1,0,1,0.13858277060920984,0
746,3,0.19577783362653933,0,1,0,0,0,1,0,1,0.03952536767375352,0
747,2,0.37170143252073384,1,0,0,1,0,0,1,0,0.025374310111545468,1
748,1,0.23347574767529528,0,1,0,0,0,1,0,1,0.10364429745562033,0
749,3,0.38426740387031916,0,1,0,0,0,1,1,0,0.015126992566498259,0
750,2,0.04498617743151546,1,0,0,1,0,0,0,1,0.04489301019734967,1
751,3,0.0701181201306861,0,1,0,0,1,0,0,1,0.024349578357040744,1
752,3,0.4093993465694898,0,1,0,0,0,1,1,0,0.018542765081513996,0
753,3,0.2837396330736366,0,1,0,0,0,1,1,0,0.015411575213749284,0
754,2,0.5978889168132696,1,0,1,0,0,0,0,1,0.12687155055772734,1
755,2,0.0031414928373963316,0,1,0,0,1,0,0,1,0.028302115124416098,1
756,3,0.3465694898215632,0,1,0,0,0,1,1,0,0.015216388212891242,0
757,2,0.22090977632570996,0,1,0,0,0,1,1,0,0.022446505098674834,0
758,3,0.42196531791907516,0,1,0,0,0,1,1,0,0.015712553569072387,0
759,1,0.4093993465694898,1,0,1,0,0,0,1,0,0.16883675574220638,1
760,3,0.4093993465694898,0,1,0,0,0,1,1,0,0.028302115124416098,0
761,3,0.5099271173661724,0,1,0,0,0,1,1,0,0.013907073811135496,0
762,3,0.24604171902488062,0,1,0,0,0,1,1,0,0.014110458666029575,1
763,1,0.4470972606182458,1,0,1,0,0,0,0,1,0.23422440102965045,1
764,3,0.19577783362653933,0,1,0,0,0,1,1,0,0.015175789316712771,0
765,1,0.6355868308620256,1,0,1,0,0,0,0,1,0.15216446768991498,1
766,1,0.4093993465694898,0,1,0,0,0,1,1,0,0.07729405233978466,0
767,3,0.37798441819552653,1,0,0,1,0,0,1,0,0.015126992566498259,0
768,3,0.4093993465694898,0,1,0,0,0,1,0,1,0.04713766070721715,0
769,3,0.39683337521990447,0,1,0,0,0,1,1,0,0.016322512946753766,0
770,3,0.2963056044232219,0,1,0,0,0,1,1,0,0.018542765081513996,0
771,3,0.5978889168132696,0,1,0,0,0,1,1,0,0.015330377421392339,0
772,2,0.7109826589595376,1,0,1,0,0,0,1,0,0.020494635090094415,0
773,3,0.4093993465694898,0,1,0,0,0,1,1,0,0.014102260811993537,0
774,2,0.6732847449107816,1,0,1,0,0,0,0,1,0.04489301019734967,1
775,3,0.22090977632570996,0,1,0,0,0,1,1,0,0.015126992566498259,0
776,3,0.4093993465694898,0,1,0,0,0,1,1,0,0.015126992566498259,0
777,3,0.05755214878110078,1,0,0,1,0,0,1,0,0.024349578357040744,1
778,3,0.4093993465694898,0,1,0,0,0,1,1,0,0.015102594191391002,0
779,1,0.5350590600653431,1,0,1,0,0,0,0,1,0.41250332793836464,1
780,3,0.15807991957778336,1,0,0,1,0,0,1,0,0.014110458666029575,1
781,1,0.20834380497612465,1,0,1,0,0,0,0,1,0.11125659048908397,1
782,1,0.35913546117114853,0,1,0,0,0,1,1,0,0.05855610025741261,0
783,3,0.4093993465694898,0,1,0,0,0,1,0,1,0.04577135170121086,0
784,3,0.3088715757728072,0,1,0,0,0,1,1,0,0.013760683560491965,0
785,3,0.3088715757728072,0,1,0,0,0,1,1,0,0.014151057562208049,0
786,3,0.22090977632570996,1,0,0,1,0,0,1,0,0.014630827210317115,1
787,3,0.09525006282985675,0,1,0,0,1,0,0,1,0.056848213999904744,0
788,3,0.007288263382759489,0,1,0,0,1,0,0,1,0.04015972542654215,1
789,1,0.572756974114099,0,1,0,0,0,1,1,0,0.15458810467956932,0
790,3,0.4093993465694898,0,1,0,0,0,1,1,0,0.015126992566498259,0
791,2,0.19577783362653933,0,1,0,0,0,1,1,0,0.050748620223090936,0
792,3,0.22090977632570996,1,0,0,1,0,0,0,1,0.13575255909676823,0
793,1,0.4093993465694898,0,1,0,0,0,1,1,0,0.05991421140938287,0
794,3,0.3088715757728072,0,1,0,0,0,1,1,0,0.015411575213749284,0
795,2,0.4847951746670017,0,1,0,0,0,1,1,0,0.025374310111545468,0
796,1,0.610454888162855,1,0,1,0,0,0,1,0,0.050610427826483444,1
797,3,0.38426740387031916,1,0,1,0,0,0,1,0,0.016948672845506364,1
798,3,0.37170143252073384,0,1,0,0,0,1,1,0,0.014110458666029575,0
799,3,0.37170143252073384,1,0,1,0,0,0,0,1,0.04713766070721715,0
800,2,0.42196531791907516,0,1,0,0,0,1,1,0,0.025374310111545468,0
801,2,0.38426740387031916,1,0,1,0,0,0,0,1,0.05123658772523604,1
802,1,0.13294797687861273,0,1,0,0,1,0,0,1,0.23422440102965045,1
803,3,0.0,0,1,0,0,1,0,0,1,0.016623491302076868,1
804,3,0.33400351847197784,0,1,0,0,0,1,1,0,0.013614293309848433,1
805,3,0.38426740387031916,0,1,0,0,0,1,1,0,0.015175789316712771,0
806,1,0.4847951746670017,0,1,0,0,0,1,1,0,0.0,0
807,3,0.22090977632570996,1,0,0,1,0,0,1,0,0.015175789316712771,0
808,2,0.4847951746670017,0,1,0,0,0,1,1,0,0.025374310111545468,0
809,1,0.4093993465694898,1,0,1,0,0,0,0,1,0.10364429745562033,1
810,3,0.32143754712239253,0,1,0,0,0,1,1,0,0.015395374692678068,0
811,3,0.4847951746670017,0,1,0,0,0,1,1,0,0.04713766070721715,0
812,2,0.43453128926866047,0,1,0,0,0,1,1,0,0.020494635090094415,0
813,3,0.0701181201306861,1,0,0,1,0,0,0,1,0.06104473451835265,0
814,3,0.37798441819552653,0,1,0,0,0,1,1,0,0.015712553569072387,0
815,1,0.4093993465694898,0,1,0,0,0,1,1,0,0.0,0
816,3,0.2837396330736366,1,0,0,1,0,0,1,0,0.015468569817999833,0
817,2,0.38426740387031916,0,1,0,0,0,1,0,1,0.07222738817151159,0
818,3,0.5350590600653431,0,1,0,0,0,1,1,0,0.012589561555343713,0
819,3,0.12038200552902739,0,1,0,0,1,0,0,1,0.05445717323939373,0
820,1,0.648152802211611,1,0,1,0,0,0,0,1,0.18249984580226933,1
821,3,0.33400351847197784,0,1,0,0,0,1,1,0,0.016908073949327893,1
822,1,0.4722292033174164,0,1,0,0,0,1,1,0,0.0,0
823,3,0.33400351847197784,1,0,1,0,0,0,0,1,0.024349578357040744,1
824,3,0.01985423473234481,0,1,0,0,1,0,0,1,0.07746484096553544,0
825,3,0.4093993465694898,0,1,0,0,0,1,1,0,0.013565496559633922,0
826,3,0.4093993465694898,0,1,0,0,0,1,1,0,0.11027245763075773,0
827,2,0.007288263382759489,0,1,0,0,1,0,0,1,0.07222738817151159,1
828,3,0.4093993465694898,0,1,0,0,0,1,1,0,0.015126992566498259,1
829,1,0.7738125157074642,1,0,1,0,0,0,1,0,0.15614960068643363,1
830,3,0.18321186227695402,1,0,1,0,0,0,0,1,0.028212719478023115,1
831,2,0.005152048253329982,0,1,0,0,1,0,0,1,0.03659756266088288,1
832,3,0.4093993465694898,0,1,0,0,0,1,1,0,0.014110458666029575,0
833,3,0.2837396330736366,0,1,0,0,0,1,1,0,0.015330377421392339,0
834,3,0.22090977632570996,0,1,0,0,0,1,1,0,0.016200521071217493,0
835,1,0.4847951746670017,1,0,0,1,0,0,0,1,0.16231419173453318,1
836,3,0.2586076903744659,0,1,0,0,0,1,1,0,0.016908073949327893,0
837,3,0.4093993465694898,0,1,0,0,0,1,1,0,0.015712553569072387,0
838,3,0.39683337521990447,0,1,0,0,0,1,1,0,0.11027245763075773,1
839,1,0.4093993465694898,0,1,0,0,0,1,1,0,0.057970539254838485,1
840,3,0.24604171902488062,0,1,0,0,0,1,1,0,0.015468569817999833,0
841,2,0.19577783362653933,0,1,0,0,0,1,1,0,0.020494635090094415,0
842,1,0.37170143252073384,1,0,0,1,0,0,1,0,0.060507970265993034,1
843,3,0.4282483035938678,0,1,0,0,0,1,1,0,0.012565163180236457,0
844,3,0.20834380497612465,0,1,0,0,0,1,1,0,0.016908073949327893,0
845,3,0.5224930887157577,0,1,0,0,0,1,1,0,0.014736618564782174,0
846,3,0.4093993465694898,0,1,0,0,0,1,0,1,0.13575255909676823,0
847,3,0.43453128926866047,0,1,0,0,0,1,1,0,0.015411575213749284,0
848,2,0.3465694898215632,0,1,0,0,0,1,0,1,0.06441171028315387,0
849,1,0.4093993465694898,1,0,1,0,0,0,0,1,0.17391981561855152,1
850,3,0.04498617743151546,0,1,0,0,1,0,0,1,0.06104473451835265,0
851,3,0.9246041719024881,0,1,0,0,0,1,1,0,0.015175789316712771,0
852,3,0.10781603417944208,1,0,0,1,0,0,0,1,0.029757819776815374,0
853,1,0.19577783362653933,1,0,0,1,0,0,0,1,0.07690367833806856,1
854,2,0.5476250314149284,1,0,1,0,0,0,0,1,0.050748620223090936,0
855,3,0.22090977632570996,1,0,1,0,0,0,0,1,0.01824998458022693,1
856,1,0.5601910027645137,1,0,1,0,0,0,0,1,0.32179836714362564,1
857,1,0.6355868308620256,0,1,0,0,0,1,1,0,0.051822148727810165,1
858,3,0.2963056044232219,1,0,1,0,0,0,0,1,0.03758969818624431,1
859,3,0.4093993465694898,0,1,0,0,0,1,1,0,0.014110458666029575,0
860,3,0.5099271173661724,0,1,0,0,0,1,0,1,0.027537567642055148,0
861,2,0.2586076903744659,0,1,0,0,0,1,0,1,0.022446505098674834,0
862,1,0.5978889168132696,1,0,1,0,0,0,1,0,0.050610427826483444,1
863,3,0.22090977632570996,1,0,0,1,0,0,0,1,0.13575255909676823,0
864,2,0.2963056044232219,0,1,0,0,0,1,1,0,0.025374310111545468,0
865,2,0.5224930887157577,1,0,1,0,0,0,1,0,0.025374310111545468,1
866,2,0.33400351847197784,1,0,0,1,0,0,0,1,0.027049600139910042,1
867,1,0.38426740387031916,0,1,0,0,0,1,1,0,0.09856123757927521,0
868,3,0.4093993465694898,0,1,0,0,0,1,1,0,0.018542765081513996,0
869,3,0.04498617743151546,0,1,0,0,1,0,0,1,0.021730754366528396,1
870,3,0.32143754712239253,0,1,0,0,0,1,1,0,0.015411575213749284,0
871,1,0.5853229454636844,1,0,1,0,0,0,0,1,0.10257896680493714,1
872,1,0.4093993465694898,0,1,0,0,0,1,1,0,0.009759350042902102,0
873,3,0.5853229454636844,0,1,0,0,0,1,1,0,0.017566830077223785,0
874,2,0.3465694898215632,1,0,1,0,0,0,0,1,0.04684488020593009,1
875,3,0.18321186227695402,1,0,0,1,0,0,1,0,0.014102260811993537,1
876,3,0.24604171902488062,0,1,0,0,0,1,1,0,0.019217721730481106,0
877,3,0.23347574767529528,0,1,0,0,0,1,1,0,0.015411575213749284,0
878,3,0.4093993465694898,0,1,0,0,0,1,1,0,0.015411575213749284,0
879,1,0.6984166876099522,1,0,1,0,0,0,0,1,0.16231419173453318,1
880,2,0.3088715757728072,1,0,1,0,0,0,0,1,0.050748620223090936,1
881,3,0.4093993465694898,0,1,0,0,0,1,1,0,0.015411575213749284,0
882,3,0.2711736617240513,1,0,0,1,0,0,1,0,0.02052723131923771,0
883,2,0.3465694898215632,0,1,0,0,0,1,1,0,0.020494635090094415,0
884,3,0.3088715757728072,0,1,0,0,0,1,1,0,0.013760683560491965,0
885,3,0.4847951746670017,1,0,1,0,0,0,0,1,0.056848213999904744,0
886,2,0.33400351847197784,0,1,0,0,0,1,1,0,0.025374310111545468,0
887,1,0.23347574767529528,1,0,0,1,0,0,1,0,0.05855610025741261,1
888,3,0.22090977632570996,1,0,0,1,0,0,0,1,0.04577135170121086,0
889,1,0.32143754712239253,0,1,0,0,0,1,1,0,0.05855610025741261,1
890,3,0.39683337521990447,0,1,0,0,0,1,1,0,0.015126992566498259,0
